time,x,y,heading (rad),speed
0,0,0,1.5708,0
0.05,6.12323e-20,0.001,1.5708,0.02
0.1,1.83697e-19,0.003,1.5708,0.04
0.15,3.67394e-19,0.006,1.5708,0.06
0.2,6.12323e-19,0.01,1.5708,0.08
0.25,9.18485e-19,0.015,1.5708,0.1
0.3,1.28588e-18,0.021,1.5708,0.12
0.35,1.71451e-18,0.028,1.5708,0.14
0.4,2.20436e-18,0.036,1.5708,0.16
0.45,2.75546e-18,0.045,1.5708,0.18
0.5,3.36778e-18,0.055,1.5708,0.2
0.55,4.04133e-18,0.066,1.5708,0.22
0.6,4.77612e-18,0.078,1.5708,0.24
0.65,5.57214e-18,0.091,1.5708,0.26
0.7,6.4294e-18,0.105,1.5708,0.28
0.75,7.34788e-18,0.12,1.5708,0.3
0.8,8.3276e-18,0.136,1.5708,0.32
0.85,9.36855e-18,0.153,1.5708,0.34
0.9,1.04707e-17,0.171,1.5708,0.36
0.95,1.16341e-17,0.19,1.5708,0.38
1,1.28588e-17,0.21,1.5708,0.4
1.05,1.41447e-17,0.231,1.5708,0.42
1.1,1.54918e-17,0.253,1.5708,0.44
1.15,1.69001e-17,0.276,1.5708,0.46
1.2,1.83697e-17,0.3,1.5708,0.48
1.25,1.99005e-17,0.325,1.5708,0.5
1.3,2.14926e-17,0.351,1.5708,0.52
1.35,2.31458e-17,0.378,1.5708,0.54
1.4,2.48603e-17,0.406,1.5708,0.56
1.45,2.66361e-17,0.435,1.5708,0.58
1.5,2.8473e-17,0.465,1.5708,0.6
1.55,3.03712e-17,0.496,1.5708,0.62
1.6,3.23307e-17,0.528,1.5708,0.64
1.65,3.43513e-17,0.561,1.5708,0.66
1.7,3.64332e-17,0.595,1.5708,0.68
1.75,3.85764e-17,0.63,1.5708,0.7
1.8,4.07807e-17,0.666,1.5708,0.72
1.85,4.30463e-17,0.703,1.5708,0.74
1.9,4.53732e-17,0.741,1.5708,0.76
1.95,4.77612e-17,0.78,1.5708,0.78
2,5.02105e-17,0.82,1.5708,0.8
2.05,5.2721e-17,0.861,1.5708,0.82
2.1,5.52928e-17,0.903,1.5708,0.84
2.15,5.79258e-17,0.946,1.5708,0.86
2.2,6.062e-17,0.99,1.5708,0.88
2.25,6.33755e-17,1.035,1.5708,0.9
2.3,6.61922e-17,1.081,1.5708,0.92
2.35,6.90701e-17,1.128,1.5708,0.94
2.4,7.20092e-17,1.176,1.5708,0.96
2.45,7.50096e-17,1.225,1.5708,0.98
2.5,7.80712e-17,1.275,1.5708,1
2.55,8.11941e-17,1.326,1.5708,1.02
2.6,8.43782e-17,1.378,1.5708,1.04
2.65,8.76235e-17,1.431,1.5708,1.06
2.7,9.093e-17,1.485,1.5708,1.08
2.75,9.42978e-17,1.54,1.5708,1.1
2.8,9.77268e-17,1.596,1.5708,1.12
2.85,1.01217e-16,1.653,1.5708,1.14
2.9,1.04769e-16,1.711,1.5708,1.16
2.95,1.08381e-16,1.77,1.5708,1.18
3,1.12055e-16,1.83,1.5708,1.2
3.05,1.1579e-16,1.891,1.5708,1.22
3.1,1.19587e-16,1.953,1.5708,1.24
3.15,1.23444e-16,2.016,1.5708,1.26
3.2,1.27363e-16,2.08,1.5708,1.28
3.25,1.31343e-16,2.145,1.5708,1.3
3.3,1.35385e-16,2.211,1.5708,1.32
3.35,1.39487e-16,2.278,1.5708,1.34
3.4,1.43651e-16,2.346,1.5708,1.36
3.45,1.47876e-16,2.415,1.5708,1.38
3.5,1.52162e-16,2.485,1.5708,1.4
3.55,1.5651e-16,2.556,1.5708,1.42
3.6,1.60919e-16,2.628,1.5708,1.44
3.65,1.65389e-16,2.701,1.5708,1.46
3.7,1.6992e-16,2.775,1.5708,1.48
3.75,1.74512e-16,2.85,1.5708,1.5
3.8,1.79166e-16,2.926,1.5708,1.52
3.85,1.83881e-16,3.003,1.5708,1.54
3.9,1.88657e-16,3.081,1.5708,1.56
3.95,1.93494e-16,3.16,1.5708,1.58
4,1.98393e-16,3.24,1.5708,1.6
4.05,2.03353e-16,3.321,1.5708,1.62
4.1,2.08374e-16,3.403,1.5708,1.64
4.15,2.13456e-16,3.486,1.5708,1.66
4.2,2.18599e-16,3.57,1.5708,1.68
4.25,2.23804e-16,3.655,1.5708,1.7
4.3,2.2907e-16,3.741,1.5708,1.72
4.35,2.34397e-16,3.828,1.5708,1.74
4.4,2.39786e-16,3.916,1.5708,1.76
4.45,2.45236e-16,4.005,1.5708,1.78
4.5,2.50746e-16,4.095,1.5708,1.8
4.55,2.56319e-16,4.186,1.5708,1.82
4.6,2.61952e-16,4.278,1.5708,1.84
4.65,2.67647e-16,4.371,1.5708,1.86
4.7,2.73402e-16,4.465,1.5708,1.88
4.75,2.79219e-16,4.56,1.5708,1.9
4.8,2.85098e-16,4.656,1.5708,1.92
4.85,2.91037e-16,4.753,1.5708,1.94
4.9,2.97038e-16,4.851,1.5708,1.96
4.95,3.031e-16,4.95,1.5708,1.98
5,3.09223e-16,5.05,1.5708,2
5.05,3.15347e-16,5.15,1.5708,2
5.1,3.2147e-16,5.25,1.5708,2
5.15,3.27593e-16,5.35,1.5708,2
5.2,3.33716e-16,5.45,1.5708,2
5.25,3.39839e-16,5.55,1.5708,2
5.3,3.45963e-16,5.65,1.5708,2
5.35,3.52086e-16,5.75,1.5708,2
5.4,3.58209e-16,5.85,1.5708,2
5.45,3.64332e-16,5.95,1.5708,2
5.5,3.70456e-16,6.05,1.5708,2
5.55,3.76579e-16,6.15,1.5708,2
5.6,3.82702e-16,6.25,1.5708,2
5.65,3.88825e-16,6.35,1.5708,2
5.7,3.94949e-16,6.45,1.5708,2
5.75,4.01072e-16,6.55,1.5708,2
5.8,4.07195e-16,6.65,1.5708,2
5.85,4.13318e-16,6.75,1.5708,2
5.9,4.19442e-16,6.85,1.5708,2
5.95,4.25565e-16,6.95,1.5708,2
6,4.31688e-16,7.05,1.5708,2
6.05,4.37811e-16,7.15,1.5708,2
6.1,4.43934e-16,7.25,1.5708,2
6.15,4.50058e-16,7.35,1.5708,2
6.2,4.56181e-16,7.45,1.5708,2
6.25,4.62304e-16,7.55,1.5708,2
6.3,4.68427e-16,7.65,1.5708,2
6.35,4.74551e-16,7.75,1.5708,2
6.4,4.80674e-16,7.85,1.5708,2
6.45,4.86797e-16,7.95,1.5708,2
6.5,4.9292e-16,8.05,1.5708,2
6.55,4.99044e-16,8.15,1.5708,2
6.6,5.05167e-16,8.25,1.5708,2
6.65,5.1129e-16,8.35,1.5708,2
6.7,5.17413e-16,8.45,1.5708,2
6.75,5.23537e-16,8.55,1.5708,2
6.8,5.2966e-16,8.65,1.5708,2
6.85,5.35783e-16,8.75,1.5708,2
6.9,5.41906e-16,8.85,1.5708,2
6.95,5.48029e-16,8.95,1.5708,2
7,5.54153e-16,9.05,1.5708,2
7.05,5.60276e-16,9.15,1.5708,2
7.1,5.66399e-16,9.25,1.5708,2
7.15,5.72522e-16,9.35,1.5708,2
7.2,5.78646e-16,9.45,1.5708,2
7.25,5.84769e-16,9.55,1.5708,2
7.3,5.90892e-16,9.65,1.5708,2
7.35,5.97015e-16,9.75,1.5708,2
7.4,6.03139e-16,9.85,1.5708,2
7.45,6.09262e-16,9.95,1.5708,2
7.5,-0.00249974,10.05,1.5958,2
7.55,-0.00499948,10.1499,1.5958,2
7.6,-0.00749922,10.2499,1.5958,2
7.65,-0.00999896,10.3499,1.5958,2
7.7,-0.0124987,10.4498,1.5958,2
7.75,-0.0149984,10.5498,1.5958,2
7.8,-0.0174982,10.6498,1.5958,2
7.85,-0.0199979,10.7498,1.5958,2
7.9,-0.0224977,10.8497,1.5958,2
7.95,-0.0249974,10.9497,1.5958,2
8,-0.0274971,11.0497,1.5958,2
8.05,-0.0299969,11.1496,1.5958,2
8.1,-0.0324966,11.2496,1.5958,2
8.15,-0.0349964,11.3496,1.5958,2
8.2,-0.0374961,11.4495,1.5958,2
8.25,-0.0399958,11.5495,1.5958,2
8.3,-0.0424956,11.6495,1.5958,2
8.35,-0.0449953,11.7494,1.5958,2
8.4,-0.0474951,11.8494,1.5958,2
8.45,-0.0499948,11.9494,1.5958,2
8.5,-0.0524945,12.0493,1.5958,2
8.55,-0.0549943,12.1493,1.5958,2
8.6,-0.057494,12.2493,1.5958,2
8.65,-0.0599938,12.3493,1.5958,2
8.7,-0.0624935,12.4492,1.5958,2
8.75,-0.0649932,12.5492,1.5958,2
8.8,-0.067493,12.6492,1.5958,2
8.85,-0.0699927,12.7491,1.5958,2
8.9,-0.0724924,12.8491,1.5958,2
8.95,-0.0749922,12.9491,1.5958,2
9,-0.0774919,13.049,1.5958,2
9.05,-0.0799917,13.149,1.5958,2
9.1,-0.0824914,13.249,1.5958,2
9.15,-0.0849911,13.3489,1.5958,2
9.2,-0.0874909,13.4489,1.5958,2
9.25,-0.0899906,13.5489,1.5958,2
9.3,-0.0924904,13.6488,1.5958,2
9.35,-0.0949901,13.7488,1.5958,2
9.4,-0.0974898,13.8488,1.5958,2
9.45,-0.0999896,13.9488,1.5958,2
9.5,-0.102489,14.0487,1.5958,2
9.55,-0.104989,14.1487,1.5958,2
9.6,-0.107489,14.2487,1.5958,2
9.65,-0.109989,14.3486,1.5958,2
9.7,-0.112488,14.4486,1.5958,2
9.75,-0.114988,14.5486,1.5958,2
9.8,-0.117488,14.6485,1.5958,2
9.85,-0.119988,14.7485,1.5958,2
9.9,-0.122487,14.8485,1.5958,2
9.95,-0.124987,14.9484,1.5958,2
10,-0.127487,15.0484,1.5958,2
10.05,-0.129986,15.1484,1.5958,2
10.1,-0.132486,15.2483,1.5958,2
10.15,-0.134986,15.3483,1.5958,2
10.2,-0.137486,15.4483,1.5958,2
10.25,-0.139985,15.5483,1.5958,2
10.3,-0.142485,15.6482,1.5958,2
10.35,-0.144985,15.7482,1.5958,2
10.4,-0.147485,15.8482,1.5958,2
10.45,-0.149984,15.9481,1.5958,2
10.5,-0.152484,16.0481,1.5958,2
10.55,-0.154984,16.1481,1.5958,2
10.6,-0.157484,16.248,1.5958,2
10.65,-0.159983,16.348,1.5958,2
10.7,-0.162483,16.448,1.5958,2
10.75,-0.164983,16.5479,1.5958,2
10.8,-0.167483,16.6479,1.5958,2
10.85,-0.169982,16.7479,1.5958,2
10.9,-0.172482,16.8478,1.5958,2
10.95,-0.174982,16.9478,1.5958,2
11,-0.177482,17.0478,1.5958,2
11.05,-0.179981,17.1478,1.5958,2
11.1,-0.182481,17.2477,1.5958,2
11.15,-0.184981,17.3477,1.5958,2
11.2,-0.18748,17.4477,1.5958,2
11.25,-0.18998,17.5476,1.5958,2
11.3,-0.19248,17.6476,1.5958,2
11.35,-0.19498,17.7476,1.5958,2
11.4,-0.197479,17.8475,1.5958,2
11.45,-0.199979,17.9475,1.5958,2
11.5,-0.202479,18.0475,1.5958,2
11.55,-0.204979,18.1474,1.5958,2
11.6,-0.207478,18.2474,1.5958,2
11.65,-0.209978,18.3474,1.5958,2
11.7,-0.212478,18.4473,1.5958,2
11.75,-0.214978,18.5473,1.5958,2
11.8,-0.217477,18.6473,1.5958,2
11.85,-0.219977,18.7473,1.5958,2
11.9,-0.222477,18.8472,1.5958,2
11.95,-0.224977,18.9472,1.5958,2
12,-0.227476,19.0472,1.5958,2
12.05,-0.229976,19.1471,1.5958,2
12.1,-0.232476,19.2471,1.5958,2
12.15,-0.234976,19.3471,1.5958,2
12.2,-0.237475,19.447,1.5958,2
12.25,-0.239975,19.547,1.5958,2
12.3,-0.242475,19.647,1.5958,2
12.35,-0.244974,19.7469,1.5958,2
12.4,-0.247474,19.8469,1.5958,2
12.45,-0.249974,19.9469,1.5958,2
12.5,-0.249974,20.0469,1.5708,2
12.55,-0.249974,20.1469,1.5708,2
12.6,-0.249974,20.2469,1.5708,2
12.65,-0.249974,20.3469,1.5708,2
12.7,-0.249974,20.4469,1.5708,2
12.75,-0.249974,20.5469,1.5708,2
12.8,-0.249974,20.6469,1.5708,2
12.85,-0.249974,20.7469,1.5708,2
12.9,-0.249974,20.8469,1.5708,2
12.95,-0.249974,20.9469,1.5708,2
13,-0.249974,21.0469,1.5708,2
13.05,-0.249974,21.1469,1.5708,2
13.1,-0.249974,21.2469,1.5708,2
13.15,-0.249974,21.3469,1.5708,2
13.2,-0.249974,21.4469,1.5708,2
13.25,-0.249974,21.5469,1.5708,2
13.3,-0.249974,21.6469,1.5708,2
13.35,-0.249974,21.7469,1.5708,2
13.4,-0.249974,21.8469,1.5708,2
13.45,-0.249974,21.9469,1.5708,2
13.5,-0.249974,22.0469,1.5708,2
13.55,-0.249974,22.1469,1.5708,2
13.6,-0.249974,22.2469,1.5708,2
13.65,-0.249974,22.3469,1.5708,2
13.7,-0.249974,22.4469,1.5708,2
13.75,-0.249974,22.5469,1.5708,2
13.8,-0.249974,22.6469,1.5708,2
13.85,-0.249974,22.7469,1.5708,2
13.9,-0.249974,22.8469,1.5708,2
13.95,-0.249974,22.9469,1.5708,2
14,-0.249974,23.0469,1.5708,2
14.05,-0.249974,23.1469,1.5708,2
14.1,-0.249974,23.2469,1.5708,2
14.15,-0.249974,23.3469,1.5708,2
14.2,-0.249974,23.4469,1.5708,2
14.25,-0.249974,23.5469,1.5708,2
14.3,-0.249974,23.6469,1.5708,2
14.35,-0.249974,23.7469,1.5708,2
14.4,-0.249974,23.8469,1.5708,2
14.45,-0.249974,23.9469,1.5708,2
14.5,-0.249974,24.0469,1.5708,2
14.55,-0.249974,24.1469,1.5708,2
14.6,-0.249974,24.2469,1.5708,2
14.65,-0.249974,24.3469,1.5708,2
14.7,-0.249974,24.4469,1.5708,2
14.75,-0.249974,24.5469,1.5708,2
14.8,-0.249974,24.6469,1.5708,2
14.85,-0.249974,24.7469,1.5708,2
14.9,-0.249974,24.8469,1.5708,2
14.95,-0.249974,24.9469,1.5708,2
15,-0.249974,25.0469,1.5708,2
15.05,-0.249974,25.1459,1.5708,1.98
15.1,-0.249974,25.2439,1.5708,1.96
15.15,-0.249974,25.3409,1.5708,1.94
15.2,-0.249974,25.4369,1.5708,1.92
15.25,-0.249974,25.5319,1.5708,1.9
15.3,-0.249974,25.6259,1.5708,1.88
15.35,-0.249974,25.7189,1.5708,1.86
15.4,-0.249974,25.8109,1.5708,1.84
15.45,-0.249974,25.9019,1.5708,1.82
15.5,-0.249974,25.9919,1.5708,1.8
15.55,-0.249974,26.0809,1.5708,1.78
15.6,-0.249974,26.1689,1.5708,1.76
15.65,-0.249974,26.2559,1.5708,1.74
15.7,-0.249974,26.3419,1.5708,1.72
15.75,-0.249974,26.4269,1.5708,1.7
15.8,-0.249974,26.5109,1.5708,1.68
15.85,-0.249974,26.5939,1.5708,1.66
15.9,-0.249974,26.6759,1.5708,1.64
15.95,-0.249974,26.7569,1.5708,1.62
16,-0.249974,26.8369,1.5708,1.6
16.05,-0.249974,26.9159,1.5708,1.58
16.1,-0.249974,26.9939,1.5708,1.56
16.15,-0.249974,27.0709,1.5708,1.54
16.2,-0.249974,27.1469,1.5708,1.52
16.25,-0.249974,27.2219,1.5708,1.5
16.3,-0.249974,27.2959,1.5708,1.48
16.35,-0.249974,27.3689,1.5708,1.46
16.4,-0.249974,27.4409,1.5708,1.44
16.45,-0.249974,27.5119,1.5708,1.42
16.5,-0.249974,27.5819,1.5708,1.4
16.55,-0.249974,27.6509,1.5708,1.38
16.6,-0.249974,27.7189,1.5708,1.36
16.65,-0.249974,27.7859,1.5708,1.34
16.7,-0.249974,27.8519,1.5708,1.32
16.75,-0.249974,27.9169,1.5708,1.3
16.8,-0.249974,27.9809,1.5708,1.28
16.85,-0.249974,28.0439,1.5708,1.26
16.9,-0.249974,28.1059,1.5708,1.24
16.95,-0.249974,28.1669,1.5708,1.22
17,-0.249974,28.2269,1.5708,1.2
17.05,-0.249974,28.2859,1.5708,1.18
17.1,-0.249974,28.3439,1.5708,1.16
17.15,-0.249974,28.4009,1.5708,1.14
17.2,-0.249974,28.4569,1.5708,1.12
17.25,-0.249974,28.5119,1.5708,1.1
17.3,-0.249974,28.5659,1.5708,1.08
17.35,-0.249974,28.6189,1.5708,1.06
17.4,-0.249974,28.6709,1.5708,1.04
17.45,-0.249974,28.7219,1.5708,1.02
17.5,-0.249974,28.7719,1.5708,1
17.55,-0.249974,28.8209,1.5708,0.98
17.6,-0.249974,28.8689,1.5708,0.96
17.65,-0.249974,28.9159,1.5708,0.94
17.7,-0.249974,28.9619,1.5708,0.92
17.75,-0.249974,29.0069,1.5708,0.9
17.8,-0.249974,29.0509,1.5708,0.88
17.85,-0.249974,29.0939,1.5708,0.86
17.9,-0.249974,29.1359,1.5708,0.84
17.95,-0.249974,29.1769,1.5708,0.82
18,-0.249974,29.2169,1.5708,0.8
18.05,-0.249974,29.2559,1.5708,0.78
18.1,-0.249974,29.2939,1.5708,0.76
18.15,-0.249974,29.3309,1.5708,0.74
18.2,-0.249974,29.3669,1.5708,0.72
18.25,-0.249974,29.4019,1.5708,0.7
18.3,-0.249974,29.4359,1.5708,0.68
18.35,-0.249974,29.4689,1.5708,0.66
18.4,-0.249974,29.5009,1.5708,0.64
18.45,-0.249974,29.5319,1.5708,0.62
18.5,-0.249974,29.5619,1.5708,0.6
18.55,-0.249974,29.5909,1.5708,0.58
18.6,-0.249974,29.6189,1.5708,0.56
18.65,-0.249974,29.6459,1.5708,0.54
18.7,-0.249974,29.6719,1.5708,0.52
18.75,-0.249974,29.6969,1.5708,0.5
18.8,-0.249974,29.7209,1.5708,0.48
18.85,-0.249974,29.7439,1.5708,0.46
18.9,-0.249974,29.7659,1.5708,0.44
18.95,-0.249974,29.7869,1.5708,0.42
19,-0.249974,29.8069,1.5708,0.4
19.05,-0.249974,29.8259,1.5708,0.38
19.1,-0.249974,29.8439,1.5708,0.36
19.15,-0.249974,29.8609,1.5708,0.34
19.2,-0.249974,29.8769,1.5708,0.32
19.25,-0.249974,29.8919,1.5708,0.3
19.3,-0.249974,29.9059,1.5708,0.28
19.35,-0.249974,29.9189,1.5708,0.26
19.4,-0.249974,29.9309,1.5708,0.24
19.45,-0.249974,29.9419,1.5708,0.22
19.5,-0.249974,29.9519,1.5708,0.2
19.55,-0.249974,29.9609,1.5708,0.18
19.6,-0.249974,29.9689,1.5708,0.16
19.65,-0.249974,29.9759,1.5708,0.14
19.7,-0.249974,29.9819,1.5708,0.12
19.75,-0.249974,29.9869,1.5708,0.1
19.8,-0.249974,29.9909,1.5708,0.08
19.85,-0.249974,29.9939,1.5708,0.06
19.9,-0.249974,29.9959,1.5708,0.04
19.95,-0.249974,29.9969,1.5708,0.02
